-- phpMyAdmin SQL Dump
-- version 5.2.1
-- https://www.phpmyadmin.net/
--
-- Host: 127.0.0.1
-- Generation Time: Nov 02, 2024 at 12:41 PM
-- Server version: 10.4.28-MariaDB
-- PHP Version: 7.4.27

SET SQL_MODE = "NO_AUTO_VALUE_ON_ZERO";
START TRANSACTION;
SET time_zone = "+00:00";


/*!40101 SET @OLD_CHARACTER_SET_CLIENT=@@CHARACTER_SET_CLIENT */;
/*!40101 SET @OLD_CHARACTER_SET_RESULTS=@@CHARACTER_SET_RESULTS */;
/*!40101 SET @OLD_COLLATION_CONNECTION=@@COLLATION_CONNECTION */;
/*!40101 SET NAMES utf8mb4 */;

--
-- Database: `su`
--

-- --------------------------------------------------------

--
-- Table structure for table `activity_log`
--

CREATE TABLE `activity_log` (
  `id` int(11) NOT NULL,
  `user_id` int(11) DEFAULT NULL,
  `activity` varchar(255) DEFAULT NULL,
  `description` text DEFAULT NULL,
  `timestamp` datetime DEFAULT NULL
) ENGINE=InnoDB DEFAULT CHARSET=utf8mb4 COLLATE=utf8mb4_general_ci;

--
-- Dumping data for table `activity_log`
--

INSERT INTO `activity_log` (`id`, `user_id`, `activity`, `description`, `timestamp`) VALUES
(1, 1, 'View', 'User view Activity Log.', '2024-10-23 12:48:51'),
(2, 1, 'View', 'User view Activity Log.', '2024-10-23 12:48:57'),
(3, 1, 'View', 'User view Activity Log.', '2024-10-23 12:49:00'),
(4, 1, 'View', 'User view Activity Log.', '2024-10-23 12:49:47'),
(5, 1, 'View', 'User view Activity Log.', '2024-10-23 12:49:53'),
(6, 1, 'View', 'User view Activity Log.', '2024-10-23 12:50:14'),
(7, 1, 'View', 'User view Activity Log.', '2024-10-23 12:51:52'),
(8, 1, 'View', 'User view Activity Log.', '2024-10-23 12:51:53'),
(9, 1, 'View', 'User view Activity Log.', '2024-10-23 12:52:24'),
(10, 1, 'View', 'User view Activity Log.', '2024-10-23 12:53:01'),
(11, 1, 'View', 'User view Activity Log.', '2024-10-23 12:53:19'),
(12, 1, 'View', 'User view Activity Log.', '2024-10-23 12:54:13'),
(13, 1, 'View', 'User view Activity Log.', '2024-10-23 12:55:28'),
(14, 1, 'View', 'User view Dashboard.', '2024-10-23 12:55:30'),
(15, 1, 'View', 'User view Activity Log.', '2024-10-23 12:55:31'),
(16, 1, 'View', 'User view Setting.', '2024-10-23 12:59:26'),
(17, 1, 'Updated', 'User Has Updated The Logo', '2024-10-23 13:00:47'),
(18, 1, 'View', 'User view Setting.', '2024-10-23 13:00:49'),
(19, 1, 'Updated', 'User Has Updated The Logo', '2024-10-23 13:01:00'),
(20, 1, 'View', 'User view Setting.', '2024-10-23 13:01:00'),
(21, 1, 'Updated', 'User Has Updated The Logo', '2024-10-23 13:01:28'),
(22, 1, 'View', 'User view Setting.', '2024-10-23 13:01:28'),
(23, 1, 'Updated', 'User Has Updated The Logo', '2024-10-23 13:01:47'),
(24, 1, 'View', 'User view Setting.', '2024-10-23 13:01:47'),
(25, 1, 'View', 'User view Activity Log.', '2024-10-23 13:01:49'),
(26, 1, 'View', 'User view Calender.', '2024-10-23 13:01:52'),
(27, 1, 'View', 'User view Admin Menu.', '2024-10-23 13:01:53'),
(28, 1, 'View', 'User view Dashboard.', '2024-10-23 13:01:54'),
(29, 1, 'View', 'User view Admin Menu.', '2024-10-23 13:01:55'),
(30, 1, 'View', 'User view Guru Menu.', '2024-10-23 13:01:56'),
(31, 1, 'View', 'User view Siswa Menu.', '2024-10-23 13:01:56'),
(32, 1, 'View', 'User view Add User.', '2024-10-23 13:01:57'),
(33, 1, 'Add', 'User add user.', '2024-10-23 13:02:04'),
(34, 1, 'View', 'User view Add User.', '2024-10-23 13:02:04'),
(35, 1, 'View', 'User view Siswa Menu.', '2024-10-23 13:02:06'),
(36, 1, 'View', 'User view Guru Menu.', '2024-10-23 13:02:07'),
(37, 1, 'View', 'User view Admin Menu.', '2024-10-23 13:02:08'),
(38, 1, 'View', 'User view Setting.', '2024-10-23 13:02:10'),
(39, 1, 'View', 'User view Activity Log.', '2024-10-23 13:02:10'),
(40, 1, 'Logout', 'User Has Logout.', '2024-10-23 13:02:17'),
(41, NULL, 'Login', 'User Has Log in.', '2024-10-23 13:02:22'),
(42, 1, 'View', 'User view Dashboard.', '2024-10-23 13:02:22'),
(43, 1, 'View', 'User view Setting.', '2024-10-23 13:02:23'),
(44, 1, 'View', 'User view Activity Log.', '2024-10-23 13:02:24'),
(45, 1, 'View', 'User view Dashboard.', '2024-10-23 13:02:43'),
(46, 1, 'View', 'User view Dashboard.', '2024-10-23 13:02:52'),
(47, 1, 'View', 'User view Dashboard.', '2024-10-23 13:02:58'),
(48, 1, 'View', 'User view Dashboard.', '2024-10-23 13:05:54'),
(49, 1, 'View', 'User view Dashboard.', '2024-10-23 13:37:15'),
(50, 1, 'View', 'User view Activity Log.', '2024-10-23 13:37:16'),
(51, 1, 'View', 'User view Activity Log.', '2024-10-23 13:37:19'),
(52, 1, 'View', 'User view Dashboard.', '2024-10-23 13:37:22'),
(53, 1, 'View', 'User viewed the Exam Page.', '2024-10-23 13:39:29'),
(54, 1, 'View', 'User view Activity Log.', '2024-10-23 13:39:36'),
(55, 1, 'View', 'User view Dashboard.', '2024-10-23 13:39:39'),
(56, 1, 'View', 'User viewed the Exam Page.', '2024-10-23 13:40:04'),
(57, 1, 'View', 'User viewed the Exam Page.', '2024-10-23 13:40:34'),
(58, 1, 'View', 'User viewed the Exam Page.', '2024-10-23 13:41:03'),
(59, 1, 'View', 'User viewed the Exam Page.', '2024-10-23 13:42:46'),
(60, 1, 'View', 'User viewed the Exam Page.', '2024-10-23 13:43:14'),
(61, 1, 'View', 'User viewed the Exam Page.', '2024-10-23 13:43:23'),
(62, 1, 'View', 'User viewed the Exam Page.', '2024-10-23 13:43:30'),
(63, 1, 'View', 'User view Admin Menu.', '2024-10-23 13:43:37'),
(64, 1, 'View', 'User view Calender.', '2024-10-23 13:43:38'),
(65, 1, 'View', 'User view Activity Log.', '2024-10-23 13:43:39'),
(66, 1, 'View', 'User view Dashboard.', '2024-10-23 13:43:40'),
(67, 1, 'View', 'User viewed the Exam Page.', '2024-10-23 13:43:42'),
(68, 1, 'View', 'User view Activity Log.', '2024-10-23 13:43:44'),
(69, 1, 'View', 'User view Dashboard.', '2024-10-23 13:43:46'),
(70, 1, 'View', 'User viewed the Exam Page.', '2024-10-23 13:43:48'),
(71, 1, 'View', 'User viewed the Exam Page.', '2024-10-23 13:43:54'),
(72, 1, 'View', 'User view Dashboard.', '2024-10-23 13:44:14'),
(73, 1, 'View', 'User viewed the Exam Page.', '2024-10-23 13:44:16'),
(74, 1, 'View', 'User viewed the Exam Page.', '2024-10-23 13:44:19'),
(75, 1, 'View', 'User view Admin Menu.', '2024-10-23 13:44:31'),
(76, 1, 'View', 'User view Calender.', '2024-10-23 13:44:32'),
(77, 1, 'View', 'User view Admin Menu.', '2024-10-23 13:44:33'),
(78, 1, 'View', 'User view Calender.', '2024-10-23 13:44:34'),
(79, 1, 'View', 'User view Activity Log.', '2024-10-23 13:44:35'),
(80, 1, 'View', 'User view Admin Menu.', '2024-10-23 13:44:35'),
(81, 1, 'View', 'User view Activity Log.', '2024-10-23 13:44:36'),
(82, 1, 'View', 'User view Admin Menu.', '2024-10-23 13:44:37'),
(83, 1, 'View', 'User view Dashboard.', '2024-10-23 13:44:37'),
(84, 1, 'View', 'User view Dashboard.', '2024-10-23 13:45:01'),
(85, 1, 'View', 'User view Dashboard.', '2024-10-23 13:45:22'),
(86, 1, 'View', 'User view Dashboard.', '2024-10-23 13:45:50'),
(87, 1, 'View', 'User view Dashboard.', '2024-10-23 13:45:56'),
(88, 1, 'View', 'User view Dashboard.', '2024-10-23 13:46:01'),
(89, 1, 'View', 'User view Dashboard.', '2024-10-23 13:46:29'),
(90, 1, 'View', 'User view Dashboard.', '2024-10-23 13:46:52'),
(91, 1, 'View', 'User view Dashboard.', '2024-10-23 13:48:04'),
(92, 1, 'View', 'User view Dashboard.', '2024-10-23 13:49:13'),
(93, 1, 'View', 'User view Dashboard.', '2024-10-23 13:49:31'),
(94, 1, 'View', 'User view Dashboard.', '2024-10-23 13:50:42'),
(95, 1, 'View', 'User view Dashboard.', '2024-10-23 13:51:22'),
(96, 1, 'View', 'User view Dashboard.', '2024-10-23 13:51:58'),
(97, 1, 'View', 'User view Dashboard.', '2024-10-23 13:53:27'),
(98, 1, 'View', 'User view Dashboard.', '2024-10-23 13:53:38'),
(99, 1, 'View', 'User view Dashboard.', '2024-10-23 13:54:05'),
(100, NULL, 'Login', 'User Has Log in.', '2024-10-28 12:43:51'),
(101, 1, 'View', 'User view Dashboard.', '2024-10-28 12:43:51'),
(102, 1, 'View', 'User view Admin Menu.', '2024-10-28 12:43:54'),
(103, 1, 'View', 'User view Admin Menu.', '2024-10-28 12:43:55'),
(104, 1, 'View', 'User view Admin Menu.', '2024-10-28 12:43:55'),
(105, 1, 'View', 'User view Dashboard.', '2024-10-28 12:43:56'),
(106, 1, 'View', 'User view Activity Log.', '2024-10-28 12:43:56'),
(107, 1, 'View', 'User view Calender.', '2024-10-28 12:43:57'),
(108, 1, 'View', 'User view Activity Log.', '2024-10-28 12:43:57'),
(109, 1, 'View', 'User view Setting.', '2024-10-28 12:43:59'),
(110, 1, 'View', 'User view Calender.', '2024-10-28 12:44:00'),
(111, 1, 'View', 'User view Dashboard.', '2024-10-28 12:44:00'),
(112, 1, 'View', 'User viewed the Exam Page.', '2024-10-28 12:44:02'),
(113, 1, 'View', 'User viewed the Exam Page.', '2024-10-28 12:44:05'),
(114, 1, 'Logout', 'User Has Logout.', '2024-10-28 12:44:07'),
(115, NULL, 'Login', 'User Has Log in.', '2024-10-28 12:44:47'),
(116, 3, 'Login', 'User Has Log in.', '2024-10-28 12:44:51'),
(117, 3, 'Login', 'User Has Log in.', '2024-10-28 12:45:09'),
(118, 3, 'Login', 'User Has Log in.', '2024-10-28 12:46:11'),
(119, 3, 'View', 'User view Dashboard.', '2024-10-28 12:46:11'),
(120, 3, 'View', 'User view Dashboard.', '2024-10-28 12:46:22'),
(121, 3, 'View', 'User view Calender.', '2024-10-28 12:46:22'),
(122, 3, 'View', 'User view Dashboard.', '2024-10-28 12:46:23'),
(123, 3, 'View', 'User view Calender.', '2024-10-28 12:46:24'),
(124, 3, 'View', 'User view Dashboard.', '2024-10-28 12:46:24'),
(125, 3, 'View', 'User view Calender.', '2024-10-28 12:46:25'),
(126, 3, 'View', 'User view Dashboard.', '2024-10-28 12:46:26'),
(127, 3, 'View', 'User view Dashboard.', '2024-10-28 12:46:52'),
(128, 3, 'View', 'User view Dashboard.', '2024-10-28 12:47:06'),
(129, 3, 'View', 'User viewed the Exam Page.', '2024-10-28 12:47:08'),
(130, 3, 'View', 'User viewed the Exam Page.', '2024-10-28 12:47:11'),
(131, 3, 'View', 'User view Calender.', '2024-10-28 12:47:28'),
(132, 3, 'View', 'User view Dashboard.', '2024-10-28 12:47:29'),
(133, 3, 'View', 'User view Calender.', '2024-10-28 12:48:41'),
(134, 3, 'View', 'User view Calender.', '2024-10-28 12:48:41'),
(135, 3, 'View', 'User view Dashboard.', '2024-10-28 12:48:44'),
(136, 3, 'View', 'User view Calender.', '2024-10-28 12:49:34'),
(137, 3, 'View', 'User view Dashboard.', '2024-10-28 12:49:34'),
(138, 3, 'View', 'User viewed the Exam Page.', '2024-10-28 13:41:37'),
(139, 3, 'View', 'User view Dashboard.', '2024-10-28 13:41:38'),
(140, 3, 'View', 'User viewed the Exam Page.', '2024-10-28 13:41:39'),
(141, NULL, 'Login', 'User Has Log in.', '2024-10-29 12:40:24'),
(142, 1, 'View', 'User view Dashboard.', '2024-10-29 12:40:24'),
(143, 1, 'View', 'User viewed the Exam Page.', '2024-10-29 12:40:32'),
(144, 1, 'View', 'User viewed the Exam Page.', '2024-10-29 12:40:36'),
(145, 1, 'View', 'User view Calender.', '2024-10-29 12:41:18'),
(146, 1, 'View', 'User view Admin Menu.', '2024-10-29 12:41:19'),
(147, 1, 'View', 'User view Dashboard.', '2024-10-29 12:41:19'),
(148, 1, 'View', 'User viewed the Exam Page.', '2024-10-29 12:41:21'),
(149, 1, 'View', 'User view Dashboard.', '2024-10-29 12:41:23'),
(150, 1, 'View', 'User viewed the Exam Page.', '2024-10-29 12:41:25'),
(151, 1, 'View', 'User viewed the Exam Page.', '2024-10-29 12:41:43'),
(152, 1, 'View', 'User view Dashboard.', '2024-10-29 12:41:44'),
(153, 1, 'View', 'User viewed the Exam Page.', '2024-10-29 12:43:06'),
(154, 1, 'View', 'User viewed the Exam Page.', '2024-10-29 12:46:50'),
(155, 1, 'View', 'User viewed the Exam Page.', '2024-10-29 12:47:33'),
(156, 1, 'View', 'User viewed the Exam Page.', '2024-10-29 12:49:52'),
(157, 1, 'View', 'User viewed the Exam Page.', '2024-10-29 12:57:20'),
(158, 1, 'View', 'User viewed the Exam Page.', '2024-10-29 12:59:06'),
(159, 1, 'View', 'User viewed the Exam Page.', '2024-10-29 12:59:07'),
(160, 1, 'View', 'User viewed the Exam Page.', '2024-10-29 12:59:08'),
(161, 1, 'View', 'User viewed the Exam Page.', '2024-10-29 12:59:12'),
(162, 1, 'View', 'User viewed the Exam Page.', '2024-10-29 12:59:13'),
(163, 1, 'View', 'User viewed the Exam Page.', '2024-10-29 12:59:15'),
(164, 1, 'View', 'User viewed the Exam Page.', '2024-10-29 13:04:22'),
(165, 1, 'View', 'User viewed the Exam Page.', '2024-10-29 13:04:23'),
(166, 1, 'View', 'User viewed the Exam Page.', '2024-10-29 13:04:24'),
(167, 1, 'View', 'User viewed the Exam Page.', '2024-10-29 13:04:25'),
(168, 1, 'View', 'User viewed the Exam Page.', '2024-10-29 13:05:54'),
(169, 1, 'View', 'User viewed the Exam Page.', '2024-10-29 13:06:08'),
(170, 1, 'View', 'User viewed the Exam Page.', '2024-10-29 13:09:30'),
(171, 1, 'View', 'User viewed the Exam Page.', '2024-10-29 13:09:30'),
(172, 1, 'View', 'User viewed the Exam Page.', '2024-10-29 13:09:36'),
(173, 1, 'View', 'User viewed the Exam Page.', '2024-10-29 13:09:40'),
(174, 1, 'View', 'User viewed the Exam Page.', '2024-10-29 13:09:42'),
(175, 1, 'View', 'User viewed the Exam Page.', '2024-10-29 13:09:44'),
(176, 1, 'View', 'User viewed the Exam Page.', '2024-10-29 13:11:44'),
(177, 1, 'View', 'User viewed the Exam Page.', '2024-10-29 13:11:47'),
(178, 1, 'View', 'User viewed the Exam Page.', '2024-10-29 13:11:53'),
(179, 1, 'View', 'User viewed the Exam Page.', '2024-10-29 13:12:08'),
(180, 1, 'View', 'User viewed the Exam Page.', '2024-10-29 13:12:10'),
(181, 1, 'View', 'User viewed the Exam.', '2024-10-29 13:12:11'),
(182, 1, 'View', 'User viewed the Exam Page.', '2024-10-29 13:12:12'),
(183, 1, 'View', 'User viewed the Exam Page.', '2024-10-29 13:12:15'),
(184, 1, 'View', 'User viewed the Exam Page.', '2024-10-29 13:12:48'),
(185, 1, 'View', 'User viewed the Exam.', '2024-10-29 13:12:49'),
(186, 1, 'View', 'User viewed the Exam Page.', '2024-10-29 13:12:50'),
(187, 1, 'View', 'User viewed the Exam.', '2024-10-29 13:12:52'),
(188, 1, 'View', 'User viewed the Exam Page.', '2024-10-29 13:12:52'),
(189, 1, 'View', 'User viewed the Exam.', '2024-10-29 13:12:58'),
(190, 1, 'View', 'User Review the Exam test.', '2024-10-29 13:13:27'),
(191, 1, 'View', 'User view Activity Log.', '2024-10-29 13:13:28'),
(192, 1, 'View', 'User Review the Exam test.', '2024-10-29 13:13:32'),
(193, 1, 'View', 'User view Dashboard.', '2024-10-29 13:13:37'),
(194, 1, 'View', 'User viewed the Exam Page.', '2024-10-29 13:13:40'),
(195, 1, 'View', 'User Review the Exam test.', '2024-10-29 13:13:45'),
(196, 1, 'View', 'User Review the Exam test.', '2024-10-29 13:14:33'),
(197, 1, 'View', 'User Review the Exam test.', '2024-10-29 13:17:08'),
(198, 1, 'View', 'User Review the Exam test.', '2024-10-29 13:17:13'),
(199, 1, 'View', 'User Review the Exam test.', '2024-10-29 13:17:17'),
(200, 1, 'View', 'User Review the Exam test.', '2024-10-29 13:18:35'),
(201, 1, 'View', 'User Review the Exam test.', '2024-10-29 13:18:37'),
(202, 1, 'View', 'User Review the Exam test.', '2024-10-29 13:18:37'),
(203, 1, 'View', 'User Review the Exam test.', '2024-10-29 13:18:38'),
(204, 1, 'View', 'User Review the Exam test.', '2024-10-29 13:19:24'),
(205, 1, 'View', 'User Review the Exam test.', '2024-10-29 13:20:44'),
(206, 1, 'View', 'User Review the Exam test.', '2024-10-29 13:21:52'),
(207, 1, 'View', 'User Review the Exam test.', '2024-10-29 13:22:17'),
(208, 1, 'View', 'User Review the Exam test.', '2024-10-29 13:22:18'),
(209, 1, 'View', 'User Review the Exam test.', '2024-10-29 13:22:31'),
(210, 1, 'View', 'User Review the Exam test.', '2024-10-29 13:22:44'),
(211, 1, 'View', 'User Review the Exam test.', '2024-10-29 13:23:52'),
(212, 1, 'View', 'User Review the Exam test.', '2024-10-29 13:23:53'),
(213, 1, 'View', 'User Review the Exam test.', '2024-10-29 13:23:53'),
(214, 1, 'View', 'User Review the Exam test.', '2024-10-29 13:24:35'),
(215, 1, 'View', 'User Review the Exam test.', '2024-10-29 13:24:36'),
(216, 1, 'View', 'User Review the Exam test.', '2024-10-29 13:24:36'),
(217, 1, 'View', 'User Review the Exam test.', '2024-10-29 13:24:36'),
(218, 1, 'View', 'User Review the Exam test.', '2024-10-29 13:24:49'),
(219, 1, 'View', 'User Review the Exam test.', '2024-10-29 13:24:49'),
(220, 1, 'View', 'User Review the Exam test.', '2024-10-29 13:24:50'),
(221, 1, 'View', 'User Review the Exam test.', '2024-10-29 13:25:11'),
(222, 1, 'View', 'User Review the Exam test.', '2024-10-29 13:28:15'),
(223, 1, 'View', 'User Review the Exam test.', '2024-10-29 13:28:35'),
(224, 1, 'View', 'User Review the Exam test.', '2024-10-29 13:32:55'),
(225, 1, 'View', 'User Review the Exam test.', '2024-10-29 13:33:42'),
(226, 1, 'View', 'User Review the Exam test.', '2024-10-29 13:33:49'),
(227, 1, 'View', 'User Review the Exam test.', '2024-10-29 13:35:42'),
(228, 1, 'View', 'User Review the Exam test.', '2024-10-29 13:39:30'),
(229, 1, 'View', 'User Review the Exam test.', '2024-10-29 13:39:31'),
(230, 1, 'View', 'User Review the Exam test.', '2024-10-29 13:41:15'),
(231, 1, 'View', 'User viewed the Exam Page.', '2024-10-29 13:41:18'),
(232, 1, 'View', 'User Review the Exam test.', '2024-10-29 13:41:19'),
(233, 1, 'View', 'User Review the Exam test.', '2024-10-29 13:41:58'),
(234, 1, 'View', 'User Review the Exam test.', '2024-10-29 13:42:27'),
(235, 1, 'View', 'User Review the Exam test.', '2024-10-29 13:42:27'),
(236, 1, 'View', 'User Review the Exam test.', '2024-10-29 13:42:27'),
(237, 1, 'View', 'User Review the Exam test.', '2024-10-29 13:42:37'),
(238, 1, 'View', 'User Review the Exam test.', '2024-10-29 13:42:37'),
(239, 1, 'View', 'User Review the Exam test.', '2024-10-29 13:44:25'),
(240, 1, 'View', 'User Review the Exam test.', '2024-10-29 13:44:25'),
(241, 1, 'View', 'User Review the Exam test.', '2024-10-29 13:44:25'),
(242, 1, 'View', 'User Review the Exam test.', '2024-10-29 13:44:26'),
(243, 1, 'View', 'User Review the Exam test.', '2024-10-29 13:44:35'),
(244, 1, 'View', 'User Review the Exam test.', '2024-10-29 13:44:35'),
(245, 1, 'View', 'User Review the Exam test.', '2024-10-29 13:44:35'),
(246, 1, 'View', 'User Review the Exam test.', '2024-10-29 13:45:36'),
(247, 1, 'View', 'User Review the Exam test.', '2024-10-29 13:49:10'),
(248, 1, 'View', 'User Review the Exam test.', '2024-10-29 13:49:34'),
(249, 1, 'View', 'User Review the Exam test.', '2024-10-29 13:53:27'),
(250, 1, 'View', 'User Review the Exam test.', '2024-10-29 13:53:27'),
(251, 1, 'View', 'User Review the Exam test.', '2024-10-29 13:53:28'),
(252, 1, 'View', 'User Review the Exam test.', '2024-10-29 13:53:28'),
(253, 1, 'View', 'User Review the Exam test.', '2024-10-29 13:53:39'),
(254, 1, 'View', 'User Review the Exam test.', '2024-10-29 13:57:44'),
(255, 1, 'View', 'User view Dashboard.', '2024-10-29 13:57:46'),
(256, 1, 'View', 'User view Calender.', '2024-10-29 13:57:47'),
(257, 1, 'View', 'User view Activity Log.', '2024-10-29 13:57:48'),
(258, 1, 'View', 'User view Setting.', '2024-10-29 13:57:49'),
(259, 1, 'View', 'User view Admin Menu.', '2024-10-29 13:57:50'),
(260, 1, 'View', 'User view Dashboard.', '2024-10-29 13:57:51'),
(261, 1, 'View', 'User viewed the Exam Page.', '2024-10-29 13:57:54'),
(262, 1, 'View', 'User Review the Exam test.', '2024-10-29 13:57:55'),
(263, 1, 'View', 'User Review the Exam test.', '2024-10-29 13:58:21'),
(264, 1, 'View', 'User Review the Exam test.', '2024-10-29 13:59:36'),
(265, 1, 'View', 'User Review the Exam test.', '2024-10-29 13:59:37'),
(266, 1, 'View', 'User Review the Exam test.', '2024-10-29 13:59:37'),
(267, 1, 'View', 'User Review the Exam test.', '2024-10-29 13:59:47'),
(268, 1, 'View', 'User Review the Exam test.', '2024-10-29 14:00:02'),
(269, 1, 'View', 'User Review the Exam test.', '2024-10-29 14:00:18'),
(270, 1, 'View', 'User Review the Exam test.', '2024-10-29 14:00:37'),
(271, 1, 'View', 'User Review the Exam test.', '2024-10-29 14:00:41'),
(272, 1, 'View', 'User Review the Exam test.', '2024-10-29 14:00:44'),
(273, 1, 'View', 'User Review the Exam test.', '2024-10-29 14:03:14'),
(274, 1, 'View', 'User Review the Exam test.', '2024-10-29 14:03:22'),
(275, 1, 'View', 'User Review the Exam test.', '2024-10-29 14:03:23'),
(276, 1, 'View', 'User Review the Exam test.', '2024-10-29 14:03:23'),
(277, 1, 'View', 'User Review the Exam test.', '2024-10-29 14:03:23'),
(278, 1, 'View', 'User Review the Exam test.', '2024-10-29 14:03:28'),
(279, 1, 'View', 'User Review the Exam test.', '2024-10-29 14:08:04'),
(280, NULL, 'Login', 'User Has Log in.', '2024-10-30 10:31:09'),
(281, 1, 'View', 'User view Dashboard.', '2024-10-30 10:31:09'),
(282, 1, 'View', 'User viewed the Exam Page.', '2024-10-30 10:31:11'),
(283, 1, 'View', 'User view Dashboard.', '2024-10-30 10:31:13'),
(284, 1, 'View', 'User viewed the Exam Page.', '2024-10-30 10:31:15'),
(285, 1, 'View', 'User Review the Exam test.', '2024-10-30 10:31:16'),
(286, 1, 'View', 'User Review the Exam test.', '2024-10-30 10:33:00'),
(287, 1, 'View', 'User Review the Exam test.', '2024-10-30 10:33:53'),
(288, 1, 'View', 'User Review the Exam test.', '2024-10-30 10:34:14'),
(289, 1, 'View', 'User Review the Exam test.', '2024-10-30 10:34:15'),
(290, 1, 'View', 'User Review the Exam test.', '2024-10-30 10:34:15'),
(291, 1, 'View', 'User Review the Exam test.', '2024-10-30 10:35:35'),
(292, 1, 'View', 'User view Dashboard.', '2024-10-30 10:35:38'),
(293, 1, 'View', 'User viewed the Exam Page.', '2024-10-30 10:35:41'),
(294, 1, 'View', 'User view Dashboard.', '2024-10-30 10:35:43'),
(295, 1, 'View', 'User viewed the Exam Page.', '2024-10-30 10:35:47'),
(296, 1, 'View', 'User Review the Exam test.', '2024-10-30 10:35:48'),
(297, 1, 'View', 'User Review the Exam test.', '2024-10-30 10:36:10'),
(298, 1, 'View', 'User Review the Exam test.', '2024-10-30 10:36:42'),
(299, 1, 'View', 'User Review the Exam test.', '2024-10-30 10:36:43'),
(300, 1, 'View', 'User Review the Exam test.', '2024-10-30 10:36:43'),
(301, 1, 'View', 'User Review the Exam test.', '2024-10-30 10:37:07'),
(302, 1, 'View', 'User Review the Exam test.', '2024-10-30 10:37:16'),
(303, 1, 'View', 'User Review the Exam test.', '2024-10-30 10:37:21'),
(304, 1, 'View', 'User Review the Exam test.', '2024-10-30 10:37:30'),
(305, 1, 'View', 'User Review the Exam test.', '2024-10-30 10:38:07'),
(306, 1, 'View', 'User Review the Exam test.', '2024-10-30 10:38:12'),
(307, 1, 'View', 'User Review the Exam test.', '2024-10-30 10:38:25'),
(308, 1, 'View', 'User Review the Exam test.', '2024-10-30 10:38:36'),
(309, 1, 'View', 'User Review the Exam test.', '2024-10-30 10:38:46'),
(310, 1, 'View', 'User Review the Exam test.', '2024-10-30 10:39:28'),
(311, 1, 'View', 'User Review the Exam test.', '2024-10-30 10:39:45'),
(312, 1, 'View', 'User Review the Exam test.', '2024-10-30 10:41:25'),
(313, 1, 'View', 'User Review the Exam test.', '2024-10-30 10:42:40'),
(314, 1, 'View', 'User Review the Exam test.', '2024-10-30 10:42:48'),
(315, 1, 'View', 'User Review the Exam test.', '2024-10-30 10:44:07'),
(316, 1, 'View', 'User Review the Exam test.', '2024-10-30 10:45:35'),
(317, 1, 'View', 'User Review the Exam test.', '2024-10-30 10:45:53'),
(318, 1, 'View', 'User Review the Exam test.', '2024-10-30 10:46:17'),
(319, 1, 'View', 'User Review the Exam test.', '2024-10-30 10:46:21'),
(320, 1, 'View', 'User Review the Exam test.', '2024-10-30 10:46:30'),
(321, 1, 'View', 'User Review the Exam test.', '2024-10-30 10:46:45'),
(322, 1, 'View', 'User Review the Exam test.', '2024-10-30 10:46:51'),
(323, 1, 'View', 'User Review the Exam test.', '2024-10-30 10:46:56'),
(324, 1, 'View', 'User Review the Exam test.', '2024-10-30 10:47:00'),
(325, 1, 'View', 'User Review the Exam test.', '2024-10-30 10:47:07'),
(326, 1, 'View', 'User Review the Exam test.', '2024-10-30 10:47:15'),
(327, 1, 'View', 'User Review the Exam test.', '2024-10-30 10:49:01'),
(328, 1, 'View', 'User Review the Exam test.', '2024-10-30 10:50:34'),
(329, 1, 'View', 'User Review the Exam test.', '2024-10-30 10:51:25'),
(330, 1, 'View', 'User Review the Exam test.', '2024-10-30 10:51:42'),
(331, 1, 'View', 'User Review the Exam test.', '2024-10-30 10:52:10'),
(332, 1, 'View', 'User Review the Exam test.', '2024-10-30 10:52:40'),
(333, 1, 'View', 'User Review the Exam test.', '2024-10-30 10:52:51'),
(334, 1, 'View', 'User Review the Exam test.', '2024-10-30 10:53:06'),
(335, 1, 'View', 'User Review the Exam test.', '2024-10-30 10:56:10'),
(336, 1, 'View', 'User Review the Exam test.', '2024-10-30 10:56:18'),
(337, 1, 'View', 'User Review the Exam test.', '2024-10-30 10:56:18'),
(338, 1, 'View', 'User Review the Exam test.', '2024-10-30 10:56:18'),
(339, 1, 'View', 'User Review the Exam test.', '2024-10-30 10:56:21'),
(340, 1, 'View', 'User Review the Exam test.', '2024-10-30 10:57:42'),
(341, 1, 'View', 'User Review the Exam test.', '2024-10-30 10:57:45'),
(342, 1, 'View', 'User Review the Exam test.', '2024-10-30 10:57:47'),
(343, 1, 'View', 'User Review the Exam test.', '2024-10-30 10:57:49'),
(344, 1, 'View', 'User Review the Exam test.', '2024-10-30 11:01:21'),
(345, 1, 'View', 'User Review the Exam test.', '2024-10-30 11:02:44'),
(346, 1, 'View', 'User Review the Exam test.', '2024-10-30 11:02:58'),
(347, 1, 'View', 'User Review the Exam test.', '2024-10-30 11:04:09'),
(348, 1, 'View', 'User Review the Exam test.', '2024-10-30 11:04:22'),
(349, 1, 'View', 'User view Dashboard.', '2024-10-30 11:04:32'),
(350, 1, 'View', 'User viewed the Exam Page.', '2024-10-30 11:04:35'),
(351, 1, 'View', 'User Review the Exam test.', '2024-10-30 11:04:36'),
(352, 1, 'View', 'User Review the Exam test.', '2024-10-30 11:04:58'),
(353, 1, 'View', 'User view Admin Menu.', '2024-10-30 11:05:24'),
(354, 1, 'View', 'User view Dashboard.', '2024-10-30 11:05:46'),
(355, 1, 'View', 'User view Calender.', '2024-10-30 11:05:47'),
(356, 1, 'View', 'User view Admin Menu.', '2024-10-30 11:05:47'),
(357, 1, 'View', 'User view Guru Menu.', '2024-10-30 11:05:49'),
(358, 1, 'View', 'User view Admin Menu.', '2024-10-30 11:05:52'),
(359, 1, 'View', 'User view Siswa Menu.', '2024-10-30 11:05:55'),
(360, 1, 'View', 'User view Guru Menu.', '2024-10-30 11:05:56'),
(361, 1, 'View', 'User view Dashboard.', '2024-10-30 11:06:01'),
(362, 1, 'View', 'User viewed the Exam Page.', '2024-10-30 11:06:08'),
(363, 1, 'View', 'User Review the Exam test.', '2024-10-30 11:06:09'),
(364, 1, 'View', 'User viewed the Exam Page.', '2024-10-30 11:08:49'),
(365, 1, 'View', 'User Review the Exam test.', '2024-10-30 11:08:50'),
(366, 1, 'View', 'User Review the Exam test.', '2024-10-30 11:08:58'),
(367, 1, 'View', 'User Review the Exam test.', '2024-10-30 11:09:28'),
(368, 1, 'View', 'User Review the Exam test.', '2024-10-30 11:09:36'),
(369, 1, 'View', 'User Review the Exam test.', '2024-10-30 11:09:38'),
(370, 1, 'View', 'User Review the Exam test.', '2024-10-30 11:09:40'),
(371, 1, 'View', 'User view Admin Menu.', '2024-10-30 11:09:53'),
(372, 1, 'View', 'User view Admin Menu.', '2024-10-30 11:09:54'),
(373, 1, 'View', 'User view Add User.', '2024-10-30 11:09:54'),
(374, 1, 'View', 'User view Dashboard.', '2024-10-30 11:09:56'),
(375, 1, 'View', 'User view Dashboard.', '2024-10-30 11:10:13'),
(376, 1, 'View', 'User viewed the Exam Page.', '2024-10-30 11:10:15'),
(377, 1, 'View', 'User Review the Exam test.', '2024-10-30 11:10:16'),
(378, 1, 'View', 'User Review the Exam test.', '2024-10-30 11:10:41'),
(379, 1, 'View', 'User Review the Exam test.', '2024-10-30 11:11:06'),
(380, 1, 'View', 'User Review the Exam test.', '2024-10-30 11:11:25'),
(381, 1, 'View', 'User Review the Exam test.', '2024-10-30 11:11:32'),
(382, 1, 'View', 'User Review the Exam test.', '2024-10-30 11:11:38'),
(383, 1, 'View', 'User Review the Exam test.', '2024-10-30 11:12:03'),
(384, 1, 'View', 'User Review the Exam test.', '2024-10-30 11:13:36'),
(385, 1, 'View', 'User Review the Exam test.', '2024-10-30 11:14:34'),
(386, 1, 'View', 'User Review the Exam test.', '2024-10-30 11:15:16'),
(387, 1, 'View', 'User Review the Exam test.', '2024-10-30 11:16:08'),
(388, 1, 'View', 'User Review the Exam test.', '2024-10-30 11:16:13'),
(389, 1, 'View', 'User Review the Exam test.', '2024-10-30 11:16:14'),
(390, 1, 'View', 'User Review the Exam test.', '2024-10-30 11:16:54'),
(391, 1, 'View', 'User Review the Exam test.', '2024-10-30 11:19:15'),
(392, 1, 'View', 'User Review the Exam test.', '2024-10-30 11:21:17'),
(393, 1, 'View', 'User Review the Exam test.', '2024-10-30 11:21:57'),
(394, 1, 'View', 'User Review the Exam test.', '2024-10-30 11:21:58'),
(395, 1, 'View', 'User Review the Exam test.', '2024-10-30 11:22:00'),
(396, 1, 'View', 'User Review the Exam test.', '2024-10-30 11:22:01'),
(397, 1, 'View', 'User Review the Exam test.', '2024-10-30 11:22:01'),
(398, 1, 'View', 'User Review the Exam test.', '2024-10-30 11:22:01'),
(399, 1, 'View', 'User Review the Exam test.', '2024-10-30 11:22:01'),
(400, 1, 'View', 'User Review the Exam test.', '2024-10-30 11:22:03'),
(401, 1, 'View', 'User Review the Exam test.', '2024-10-30 11:22:16'),
(402, 1, 'View', 'User Review the Exam test.', '2024-10-30 11:22:16'),
(403, 1, 'View', 'User Review the Exam test.', '2024-10-30 11:22:16'),
(404, 1, 'View', 'User Review the Exam test.', '2024-10-30 11:22:17'),
(405, 1, 'View', 'User Review the Exam test.', '2024-10-30 11:22:17'),
(406, 1, 'View', 'User Review the Exam test.', '2024-10-30 11:22:17'),
(407, 1, 'View', 'User Review the Exam test.', '2024-10-30 11:22:17'),
(408, 1, 'View', 'User Review the Exam test.', '2024-10-30 11:22:17'),
(409, 1, 'View', 'User Review the Exam test.', '2024-10-30 11:22:17'),
(410, 1, 'View', 'User Review the Exam test.', '2024-10-30 11:22:19'),
(411, 1, 'View', 'User Review the Exam test.', '2024-10-30 11:22:31'),
(412, 1, 'View', 'User Review the Exam test.', '2024-10-30 11:22:32'),
(413, 1, 'View', 'User Review the Exam test.', '2024-10-30 11:22:51'),
(414, 1, 'View', 'User Review the Exam test.', '2024-10-30 11:23:20'),
(415, 1, 'View', 'User Review the Exam test.', '2024-10-30 11:25:57'),
(416, 1, 'View', 'User Review the Exam test.', '2024-10-30 11:28:04'),
(417, 1, 'View', 'User Review the Exam test.', '2024-10-30 11:28:09'),
(418, 1, 'View', 'User Review the Exam test.', '2024-10-30 11:28:12'),
(419, 1, 'View', 'User Review the Exam test.', '2024-10-30 11:28:33'),
(420, 1, 'View', 'User Review the Exam test.', '2024-10-30 11:28:54'),
(421, 1, 'View', 'User Review the Exam test.', '2024-10-30 11:28:54'),
(422, 1, 'View', 'User Review the Exam test.', '2024-10-30 11:28:54'),
(423, 1, 'View', 'User Review the Exam test.', '2024-10-30 11:28:55'),
(424, 1, 'View', 'User Review the Exam test.', '2024-10-30 11:29:15'),
(425, 1, 'View', 'User Review the Exam test.', '2024-10-30 11:29:17'),
(426, 1, 'View', 'User Review the Exam test.', '2024-10-30 11:29:18'),
(427, 1, 'View', 'User Review the Exam test.', '2024-10-30 11:29:18'),
(428, 1, 'View', 'User Review the Exam test.', '2024-10-30 11:29:18'),
(429, 1, 'View', 'User Review the Exam test.', '2024-10-30 11:29:18'),
(430, 1, 'View', 'User Review the Exam test.', '2024-10-30 11:29:21'),
(431, 1, 'View', 'User Review the Exam test.', '2024-10-30 11:29:22'),
(432, 1, 'View', 'User Review the Exam test.', '2024-10-30 11:29:22'),
(433, 1, 'View', 'User Review the Exam test.', '2024-10-30 11:29:22'),
(434, 1, 'View', 'User Review the Exam test.', '2024-10-30 11:29:22'),
(435, 1, 'View', 'User Review the Exam test.', '2024-10-30 11:29:22'),
(436, 1, 'View', 'User Review the Exam test.', '2024-10-30 11:29:23'),
(437, 1, 'View', 'User Review the Exam test.', '2024-10-30 11:29:23'),
(438, 1, 'View', 'User Review the Exam test.', '2024-10-30 11:29:23'),
(439, 1, 'View', 'User Review the Exam test.', '2024-10-30 11:30:08'),
(440, 1, 'View', 'User Review the Exam test.', '2024-10-30 11:30:09'),
(441, 1, 'View', 'User Review the Exam test.', '2024-10-30 11:30:09'),
(442, 1, 'View', 'User Review the Exam test.', '2024-10-30 11:30:10'),
(443, 1, 'View', 'User Review the Exam test.', '2024-10-30 11:30:41'),
(444, 1, 'View', 'User Review the Exam test.', '2024-10-30 11:30:41'),
(445, 1, 'View', 'User Review the Exam test.', '2024-10-30 11:30:41'),
(446, 1, 'View', 'User Review the Exam test.', '2024-10-30 11:30:41'),
(447, 1, 'View', 'User Review the Exam test.', '2024-10-30 11:30:42'),
(448, 1, 'View', 'User Review the Exam test.', '2024-10-30 11:30:42'),
(449, 1, 'View', 'User Review the Exam test.', '2024-10-30 11:30:43'),
(450, 1, 'View', 'User Review the Exam test.', '2024-10-30 11:30:43'),
(451, 1, 'View', 'User Review the Exam test.', '2024-10-30 11:30:43'),
(452, 1, 'View', 'User Review the Exam test.', '2024-10-30 11:30:43'),
(453, 1, 'View', 'User Review the Exam test.', '2024-10-30 11:30:43'),
(454, 1, 'View', 'User Review the Exam test.', '2024-10-30 11:30:43'),
(455, 1, 'View', 'User Review the Exam test.', '2024-10-30 11:30:44'),
(456, 1, 'View', 'User Review the Exam test.', '2024-10-30 11:30:44'),
(457, 1, 'View', 'User Review the Exam test.', '2024-10-30 11:30:44'),
(458, 1, 'View', 'User Review the Exam test.', '2024-10-30 11:30:44'),
(459, 1, 'View', 'User Review the Exam test.', '2024-10-30 11:30:44'),
(460, 1, 'View', 'User Review the Exam test.', '2024-10-30 11:30:45'),
(461, 1, 'View', 'User Review the Exam test.', '2024-10-30 11:30:54'),
(462, 1, 'View', 'User Review the Exam test.', '2024-10-30 11:33:38'),
(463, 1, 'View', 'User Review the Exam test.', '2024-10-30 11:38:23'),
(464, 1, 'View', 'User Review the Exam test.', '2024-10-30 11:39:40'),
(465, 1, 'View', 'User Review the Exam test.', '2024-10-30 11:39:54'),
(466, 1, 'View', 'User Review the Exam test.', '2024-10-30 11:41:01'),
(467, 1, 'View', 'User Review the Exam test.', '2024-10-30 11:41:16'),
(468, 1, 'View', 'User Review the Exam test.', '2024-10-30 11:41:52'),
(469, 1, 'View', 'User Review the Exam test.', '2024-10-30 11:42:14'),
(470, 1, 'View', 'User Review the Exam test.', '2024-10-30 11:42:23'),
(471, 1, 'View', 'User Review the Exam test.', '2024-10-30 11:43:52'),
(472, 1, 'View', 'User Review the Exam test.', '2024-10-30 11:43:57'),
(473, 1, 'View', 'User Review the Exam test.', '2024-10-30 11:45:00'),
(474, 1, 'View', 'User Review the Exam test.', '2024-10-30 11:45:42'),
(475, 1, 'View', 'User Review the Exam test.', '2024-10-30 11:46:23'),
(476, 1, 'View', 'User Review the Exam test.', '2024-10-30 11:46:32'),
(477, 1, 'View', 'User Review the Exam test.', '2024-10-30 11:46:34'),
(478, 1, 'View', 'User Review the Exam test.', '2024-10-30 11:46:36'),
(479, 1, 'View', 'User Review the Exam test.', '2024-10-30 11:47:25'),
(480, 1, 'View', 'User Review the Exam test.', '2024-10-30 11:47:48'),
(481, 1, 'View', 'User Review the Exam test.', '2024-10-30 11:47:50'),
(482, 1, 'View', 'User Review the Exam test.', '2024-10-30 11:48:53'),
(483, 1, 'View', 'User Review the Exam test.', '2024-10-30 11:49:15'),
(484, 1, 'View', 'User Review the Exam test.', '2024-10-30 11:49:29'),
(485, 1, 'View', 'User Review the Exam test.', '2024-10-30 11:50:20'),
(486, 1, 'View', 'User Review the Exam test.', '2024-10-30 11:50:23'),
(487, 1, 'View', 'User Review the Exam test.', '2024-10-30 11:50:27'),
(488, 1, 'View', 'User Review the Exam test.', '2024-10-30 11:51:26'),
(489, 1, 'View', 'User Review the Exam test.', '2024-10-30 11:51:46'),
(490, 1, 'View', 'User Review the Exam test.', '2024-10-30 11:51:51'),
(491, 1, 'View', 'User Review the Exam test.', '2024-10-30 11:52:10'),
(492, 1, 'View', 'User Review the Exam test.', '2024-10-30 11:52:16'),
(493, 1, 'View', 'User Review the Exam test.', '2024-10-30 11:52:24'),
(494, 1, 'View', 'User Review the Exam test.', '2024-10-30 11:52:24'),
(495, 1, 'View', 'User Review the Exam test.', '2024-10-30 11:52:24'),
(496, 1, 'View', 'User Review the Exam test.', '2024-10-30 11:52:28'),
(497, 1, 'View', 'User Review the Exam test.', '2024-10-30 11:52:35'),
(498, 1, 'View', 'User Review the Exam test.', '2024-10-30 11:52:42'),
(499, 1, 'View', 'User Review the Exam test.', '2024-10-30 11:52:50'),
(500, 1, 'View', 'User Review the Exam test.', '2024-10-30 11:52:57'),
(501, 1, 'View', 'User Review the Exam test.', '2024-10-30 11:53:06'),
(502, 1, 'View', 'User Review the Exam test.', '2024-10-30 11:53:13'),
(503, 1, 'View', 'User Review the Exam test.', '2024-10-30 11:53:18'),
(504, 1, 'View', 'User Review the Exam test.', '2024-10-30 11:53:23'),
(505, 1, 'View', 'User Review the Exam test.', '2024-10-30 11:53:23'),
(506, 1, 'View', 'User Review the Exam test.', '2024-10-30 11:53:24'),
(507, NULL, 'Login', 'User Has Log in.', '2024-11-02 16:40:57'),
(508, 1, 'View', 'User view Dashboard.', '2024-11-02 16:40:57'),
(509, 1, 'View', 'User viewed the Exam Page.', '2024-11-02 16:41:00'),
(510, 1, 'View', 'User Review the Exam test.', '2024-11-02 16:41:02'),
(511, 1, 'View', 'User Review the Exam test.', '2024-11-02 16:57:50'),
(512, 1, 'View', 'User Review the Exam test.', '2024-11-02 16:58:01'),
(513, 1, 'View', 'User Review the Exam test.', '2024-11-02 16:58:12'),
(514, 1, 'View', 'User Review the Exam test.', '2024-11-02 16:58:57'),
(515, 1, 'View', 'User Review the Exam test.', '2024-11-02 16:59:05'),
(516, 1, 'View', 'User Review the Exam test.', '2024-11-02 16:59:58'),
(517, 1, 'View', 'User Review the Exam test.', '2024-11-02 17:00:04'),
(518, 1, 'View', 'User Review the Exam test.', '2024-11-02 17:02:00'),
(519, 1, 'View', 'User Review the Exam test.', '2024-11-02 17:02:07'),
(520, 1, 'View', 'User Review the Exam test.', '2024-11-02 17:02:46'),
(521, 1, 'View', 'User Review the Exam test.', '2024-11-02 17:04:43'),
(522, 1, 'View', 'User Review the Exam test.', '2024-11-02 17:04:54'),
(523, 1, 'View', 'User Review the Exam test.', '2024-11-02 17:05:15'),
(524, 1, 'View', 'User Review the Exam test.', '2024-11-02 17:06:18'),
(525, 1, 'View', 'User Review the Exam test.', '2024-11-02 17:06:19'),
(526, 1, 'View', 'User view Admin Menu.', '2024-11-02 17:08:38'),
(527, 1, 'View', 'User view Dashboard.', '2024-11-02 17:08:39'),
(528, 1, 'View', 'User viewed the Exam Page.', '2024-11-02 17:08:40'),
(529, 1, 'View', 'User view Dashboard.', '2024-11-02 17:08:42'),
(530, 1, 'View', 'User viewed the Exam Page.', '2024-11-02 17:08:43'),
(531, 1, 'View', 'User Review the Exam test.', '2024-11-02 17:09:43'),
(532, 1, 'View', 'User viewed the Exam Page.', '2024-11-02 17:09:48'),
(533, 1, 'View', 'User view Calender.', '2024-11-02 17:10:06'),
(534, 1, 'View', 'User view Admin Menu.', '2024-11-02 17:10:06'),
(535, 1, 'View', 'User view Calender.', '2024-11-02 17:10:07'),
(536, 1, 'View', 'User view Activity Log.', '2024-11-02 17:10:08'),
(537, 1, 'View', 'User view Dashboard.', '2024-11-02 17:10:10'),
(538, 1, 'View', 'User view Dashboard.', '2024-11-02 17:11:49'),
(539, 1, 'View', 'User viewed the Exam Page.', '2024-11-02 17:11:52'),
(540, 1, 'View', 'User Review the Exam test.', '2024-11-02 17:11:53'),
(541, 1, 'Logout', 'User Has Logout.', '2024-11-02 17:11:57'),
(542, NULL, 'Login', 'User Has Log in.', '2024-11-02 17:12:01'),
(543, 3, 'View', 'User view Dashboard.', '2024-11-02 17:12:01'),
(544, 3, 'View', 'User viewed the Exam Page.', '2024-11-02 17:12:03'),
(545, 3, 'View', 'User Review the Exam test.', '2024-11-02 17:12:04'),
(546, 3, 'View', 'User viewed the Exam Page.', '2024-11-02 17:12:11'),
(547, 3, 'View', 'User viewed the Exam Page.', '2024-11-02 17:12:51'),
(548, 3, 'View', 'User viewed the Exam Page.', '2024-11-02 17:12:58'),
(549, 3, 'View', 'User viewed the Exam Page.', '2024-11-02 17:13:00'),
(550, 3, 'View', 'User viewed the Exam Page.', '2024-11-02 17:13:09'),
(551, 3, 'View', 'User viewed the Exam Page.', '2024-11-02 17:13:52'),
(552, 3, 'View', 'User viewed the Exam Page.', '2024-11-02 17:13:56'),
(553, 3, 'View', 'User viewed the Exam Page.', '2024-11-02 17:13:56'),
(554, 3, 'View', 'User viewed the Exam Page.', '2024-11-02 17:14:01'),
(555, 3, 'View', 'User viewed the Exam Page.', '2024-11-02 17:14:19'),
(556, 3, 'View', 'User viewed the Exam Page.', '2024-11-02 17:15:48'),
(557, 3, 'View', 'User viewed the Exam Page.', '2024-11-02 17:16:05'),
(558, 3, 'View', 'User viewed the Exam Page.', '2024-11-02 17:16:14'),
(559, 3, 'View', 'User viewed the Exam Page.', '2024-11-02 17:16:43'),
(560, 3, 'View', 'User viewed the Exam Page.', '2024-11-02 17:16:49'),
(561, 3, 'View', 'User viewed the Exam Page.', '2024-11-02 17:17:09'),
(562, 3, 'View', 'User viewed the Exam Page.', '2024-11-02 17:17:21'),
(563, 3, 'View', 'User viewed the Exam Page.', '2024-11-02 17:17:31'),
(564, 3, 'View', 'User viewed the Exam Page.', '2024-11-02 17:17:42'),
(565, 3, 'View', 'User viewed the Exam Page.', '2024-11-02 17:18:02'),
(566, 3, 'View', 'User view Dashboard.', '2024-11-02 17:18:04'),
(567, 3, 'View', 'User viewed the Exam Page.', '2024-11-02 17:18:12'),
(568, 3, 'View', 'User Review the Exam test.', '2024-11-02 17:18:14'),
(569, 3, 'View', 'User viewed the Exam Page.', '2024-11-02 17:18:20'),
(570, 3, 'View', 'User view Dashboard.', '2024-11-02 17:18:22'),
(571, 3, 'View', 'User viewed the Exam Page.', '2024-11-02 17:18:23'),
(572, 3, 'View', 'User Review the Exam test.', '2024-11-02 17:19:07'),
(573, 3, 'View', 'User Review the Exam test.', '2024-11-02 17:19:35'),
(574, 3, 'View', 'User Review the Exam test.', '2024-11-02 17:20:13'),
(575, 3, 'View', 'User Review the Exam test.', '2024-11-02 17:24:01'),
(576, 3, 'View', 'User Review the Exam test.', '2024-11-02 17:27:30'),
(577, 3, 'View', 'User Review the Exam test.', '2024-11-02 17:28:05'),
(578, 3, 'View', 'User Review the Exam test.', '2024-11-02 17:28:30'),
(579, 3, 'View', 'User Review the Exam test.', '2024-11-02 17:31:08'),
(580, 3, 'View', 'User Review the Exam test.', '2024-11-02 17:33:37'),
(581, 3, 'View', 'User Review the Exam test.', '2024-11-02 17:33:38'),
(582, 3, 'View', 'User Review the Exam test.', '2024-11-02 17:33:40'),
(583, 3, 'View', 'User Review the Exam test.', '2024-11-02 17:34:43'),
(584, 3, 'View', 'User Review the Exam test.', '2024-11-02 17:34:48'),
(585, 3, 'View', 'User Review the Exam test.', '2024-11-02 17:38:31'),
(586, 3, 'View', 'User Review the Exam test.', '2024-11-02 17:38:32'),
(587, 3, 'View', 'User Review the Exam test.', '2024-11-02 17:38:32'),
(588, 3, 'View', 'User Review the Exam test.', '2024-11-02 17:38:55'),
(589, 3, 'View', 'User Review the Exam test.', '2024-11-02 17:39:32'),
(590, 3, 'View', 'User Review the Exam test.', '2024-11-02 17:39:33'),
(591, 3, 'View', 'User Review the Exam test.', '2024-11-02 17:39:35'),
(592, 3, 'View', 'User Review the Exam test.', '2024-11-02 17:40:38'),
(593, 3, 'View', 'User Review the Exam test.', '2024-11-02 17:40:47'),
(594, 3, 'View', 'User Review the Exam test.', '2024-11-02 17:40:56'),
(595, 3, 'View', 'User Review the Exam test.', '2024-11-02 17:43:03'),
(596, 3, 'View', 'User Review the Exam test.', '2024-11-02 17:43:47'),
(597, 3, 'View', 'User Review the Exam test.', '2024-11-02 17:43:48'),
(598, 3, 'View', 'User Review the Exam test.', '2024-11-02 17:43:49'),
(599, 3, 'View', 'User Review the Exam test.', '2024-11-02 17:44:28'),
(600, 3, 'View', 'User Review the Exam test.', '2024-11-02 17:44:40'),
(601, 3, 'View', 'User Review the Exam test.', '2024-11-02 17:44:50'),
(602, 3, 'View', 'User Review the Exam test.', '2024-11-02 17:44:52'),
(603, 3, 'View', 'User Review the Exam test.', '2024-11-02 17:44:54'),
(604, 3, 'View', 'User Review the Exam test.', '2024-11-02 17:44:58'),
(605, 3, 'View', 'User Review the Exam test.', '2024-11-02 17:45:30'),
(606, 3, 'View', 'User Review the Exam test.', '2024-11-02 17:45:45'),
(607, 3, 'View', 'User Review the Exam test.', '2024-11-02 17:48:02'),
(608, 3, 'View', 'User Review the Exam test.', '2024-11-02 17:49:47'),
(609, 3, 'View', 'User Review the Exam test.', '2024-11-02 17:50:06'),
(610, 3, 'View', 'User Review the Exam test.', '2024-11-02 17:50:14'),
(611, 3, 'View', 'User Review the Exam test.', '2024-11-02 17:50:16'),
(612, 3, 'View', 'User Review the Exam test.', '2024-11-02 17:51:59'),
(613, 3, 'View', 'User Review the Exam test.', '2024-11-02 17:52:43'),
(614, 3, 'View', 'User Review the Exam test.', '2024-11-02 17:52:46'),
(615, 3, 'View', 'User Review the Exam test.', '2024-11-02 17:53:10'),
(616, 3, 'View', 'User Review the Exam test.', '2024-11-02 17:53:13'),
(617, 3, 'View', 'User Review the Exam test.', '2024-11-02 17:53:20'),
(618, 3, 'View', 'User Review the Exam test.', '2024-11-02 17:53:50'),
(619, 3, 'View', 'User Review the Exam test.', '2024-11-02 17:56:00'),
(620, 3, 'View', 'User Review the Exam test.', '2024-11-02 17:57:12'),
(621, 3, 'View', 'User Review the Exam test.', '2024-11-02 17:57:12'),
(622, 3, 'View', 'User Review the Exam test.', '2024-11-02 17:57:16'),
(623, 3, 'View', 'User Review the Exam test.', '2024-11-02 17:57:19'),
(624, 3, 'View', 'User Review the Exam test.', '2024-11-02 17:57:22'),
(625, 3, 'View', 'User Review the Exam test.', '2024-11-02 17:57:25'),
(626, 3, 'View', 'User Review the Exam test.', '2024-11-02 17:57:28'),
(627, 3, 'View', 'User Review the Exam test.', '2024-11-02 17:57:31'),
(628, 3, 'View', 'User Review the Exam test.', '2024-11-02 17:57:37'),
(629, 3, 'View', 'User Review the Exam test.', '2024-11-02 17:57:42'),
(630, 3, 'View', 'User Review the Exam test.', '2024-11-02 17:57:45'),
(631, 3, 'View', 'User Review the Exam test.', '2024-11-02 17:57:49'),
(632, 3, 'View', 'User Review the Exam test.', '2024-11-02 17:57:53'),
(633, 3, 'View', 'User Review the Exam test.', '2024-11-02 17:58:01'),
(634, 3, 'View', 'User Review the Exam test.', '2024-11-02 17:58:05'),
(635, 3, 'View', 'User Review the Exam test.', '2024-11-02 17:58:10'),
(636, 3, 'View', 'User Review the Exam test.', '2024-11-02 17:58:15'),
(637, 3, 'View', 'User Review the Exam test.', '2024-11-02 17:58:20'),
(638, 3, 'View', 'User Review the Exam test.', '2024-11-02 17:58:24'),
(639, 3, 'View', 'User Review the Exam test.', '2024-11-02 17:58:31'),
(640, 3, 'View', 'User Review the Exam test.', '2024-11-02 17:58:36'),
(641, 3, 'View', 'User Review the Exam test.', '2024-11-02 17:58:40'),
(642, 3, 'View', 'User Review the Exam test.', '2024-11-02 17:59:37'),
(643, 3, 'View', 'User Review the Exam test.', '2024-11-02 17:59:49'),
(644, 3, 'View', 'User Review the Exam test.', '2024-11-02 18:00:30'),
(645, 3, 'View', 'User view Dashboard.', '2024-11-02 18:01:38'),
(646, 3, 'View', 'User viewed the Exam Page.', '2024-11-02 18:01:39'),
(647, 3, 'View', 'User viewed the Exam Page.', '2024-11-02 18:01:53'),
(648, 3, 'View', 'User view Calender.', '2024-11-02 18:02:06'),
(649, 3, 'Logout', 'User Has Logout.', '2024-11-02 18:02:06'),
(650, NULL, 'Login', 'User Has Log in.', '2024-11-02 18:02:10'),
(651, 1, 'View', 'User view Dashboard.', '2024-11-02 18:02:10'),
(652, 1, 'View', 'User viewed the Exam Page.', '2024-11-02 18:02:12'),
(653, 1, 'View', 'User Review the Exam test.', '2024-11-02 18:02:13'),
(654, 1, 'View', 'User Review the Exam test.', '2024-11-02 18:02:16'),
(655, 1, 'View', 'User Review the Exam test.', '2024-11-02 18:02:18'),
(656, 1, 'View', 'User viewed the Exam Page.', '2024-11-02 18:02:18'),
(657, 1, 'View', 'User viewed the Exam Page.', '2024-11-02 18:02:19'),
(658, 1, 'View', 'User view Dashboard.', '2024-11-02 18:02:42'),
(659, 1, 'View', 'User view Admin Menu.', '2024-11-02 18:03:12'),
(660, 1, 'View', 'User view Dashboard.', '2024-11-02 18:03:12'),
(661, 1, 'View', 'User view Dashboard.', '2024-11-02 18:03:13'),
(662, 1, 'Logout', 'User Has Logout.', '2024-11-02 18:03:13'),
(663, NULL, 'Login', 'User Has Log in.', '2024-11-02 18:03:18'),
(664, 2, 'View', 'User view Dashboard.', '2024-11-02 18:03:18'),
(665, 2, 'View', 'User viewed the Exam Page.', '2024-11-02 18:03:20'),
(666, 2, 'View', 'User viewed the Exam Page.', '2024-11-02 18:03:22'),
(667, 2, 'View', 'User viewed the Exam Page.', '2024-11-02 18:03:26'),
(668, 2, 'View', 'User viewed the Exam Page.', '2024-11-02 18:05:12'),
(669, 2, 'View', 'User viewed the Exam Page.', '2024-11-02 18:05:23'),
(670, 2, 'View', 'User viewed the Exam Page.', '2024-11-02 18:05:26'),
(671, 2, 'View', 'User viewed the Exam Page.', '2024-11-02 18:05:35'),
(672, 2, 'View', 'User viewed the Exam Page.', '2024-11-02 18:05:39'),
(673, 2, 'View', 'User viewed the Exam Page.', '2024-11-02 18:05:43'),
(674, 2, 'View', 'User viewed the Exam Page.', '2024-11-02 18:06:08'),
(675, 2, 'View', 'User View The add Exam.', '2024-11-02 18:09:41'),
(676, 2, 'View', 'User View The add Exam.', '2024-11-02 18:13:11'),
(677, 2, 'View', 'User View The add Exam.', '2024-11-02 18:13:30'),
(678, 2, 'View', 'User View The add Exam.', '2024-11-02 18:14:49'),
(679, 2, 'View', 'User View The add Exam.', '2024-11-02 18:15:01'),
(680, 2, 'View', 'User View The add Exam.', '2024-11-02 18:15:02'),
(681, 2, 'View', 'User View The add Exam.', '2024-11-02 18:15:15'),
(682, 2, 'View', 'User View The add Exam.', '2024-11-02 18:15:38'),
(683, 2, 'View', 'User View The add Exam.', '2024-11-02 18:15:51'),
(684, 2, 'View', 'User View The add Exam.', '2024-11-02 18:17:41'),
(685, 2, 'View', 'User View The add Exam.', '2024-11-02 18:18:50'),
(686, 2, 'View', 'User View The add Exam.', '2024-11-02 18:19:23'),
(687, 2, 'View', 'User View The add Exam.', '2024-11-02 18:19:26'),
(688, 2, 'View', 'User View The add Exam.', '2024-11-02 18:19:48'),
(689, 2, 'View', 'User View The add Exam.', '2024-11-02 18:28:58'),
(690, 2, 'View', 'User View The add Exam.', '2024-11-02 18:30:55'),
(691, 2, 'Exam', 'User Has add Exam Question.', '2024-11-02 18:31:24'),
(692, 2, 'View', 'User View The add Exam.', '2024-11-02 18:31:24'),
(693, 2, 'Exam', 'User Has add Exam Question.', '2024-11-02 18:31:25'),
(694, 2, 'View', 'User View The add Exam.', '2024-11-02 18:31:25'),
(695, 2, 'Exam', 'User Has add Exam Question.', '2024-11-02 18:31:25'),
(696, 2, 'View', 'User View The add Exam.', '2024-11-02 18:31:25'),
(697, 2, 'Exam', 'User Has add Exam Question.', '2024-11-02 18:31:26'),
(698, 2, 'View', 'User View The add Exam.', '2024-11-02 18:31:26'),
(699, 2, 'Exam', 'User Has add Exam Question.', '2024-11-02 18:31:27'),
(700, 2, 'View', 'User View The add Exam.', '2024-11-02 18:31:27'),
(701, 2, 'Exam', 'User Has add Exam Question.', '2024-11-02 18:31:30'),
(702, 2, 'View', 'User View The add Exam.', '2024-11-02 18:31:30'),
(703, 2, 'Exam', 'User Has add Exam Question.', '2024-11-02 18:31:31'),
(704, 2, 'View', 'User View The add Exam.', '2024-11-02 18:31:31'),
(705, 2, 'Exam', 'User Has add Exam Question.', '2024-11-02 18:32:26'),
(706, 2, 'View', 'User View The add Exam.', '2024-11-02 18:34:04'),
(707, 2, 'Exam', 'User Has add Exam Question.', '2024-11-02 18:34:05'),
(708, 2, 'View', 'User View The add Exam.', '2024-11-02 18:36:35'),
(709, 2, 'Exam', 'User Has add Exam Question.', '2024-11-02 18:36:55'),
(710, 2, 'View', 'User View The add Exam.', '2024-11-02 18:36:58'),
(711, 2, 'Exam', 'User Has add Exam Question.', '2024-11-02 18:37:12'),
(712, 2, 'View', 'User View The add Exam.', '2024-11-02 18:37:12'),
(713, 2, 'View', 'User View The add Exam.', '2024-11-02 18:39:17'),
(714, 2, 'View', 'User view Dashboard.', '2024-11-02 18:39:25');

-- --------------------------------------------------------

--
-- Table structure for table `logo`
--

CREATE TABLE `logo` (
  `id_logo` int(11) NOT NULL,
  `nama_Logo` varchar(255) DEFAULT NULL,
  `logos` varchar(255) DEFAULT NULL,
  `icon` varchar(255) DEFAULT NULL
) ENGINE=InnoDB DEFAULT CHARSET=utf8mb4 COLLATE=utf8mb4_general_ci;

--
-- Dumping data for table `logo`
--

INSERT INTO `logo` (`id_logo`, `nama_Logo`, `logos`, `icon`) VALUES
(1, 'Sistem Ujian', 'images (2).png', 'images.png');

-- --------------------------------------------------------

--
-- Table structure for table `pelajaran`
--

CREATE TABLE `pelajaran` (
  `id_pelajaran` int(11) NOT NULL,
  `pelajaran` varchar(255) DEFAULT NULL,
  `Kelas` varchar(255) DEFAULT NULL,
  `Selesai` enum('Selesai','Belum') DEFAULT NULL,
  `blok` varchar(255) DEFAULT NULL,
  `Guru` varchar(255) DEFAULT NULL,
  `nilai` int(11) DEFAULT NULL
) ENGINE=InnoDB DEFAULT CHARSET=utf8mb4 COLLATE=utf8mb4_general_ci;

--
-- Dumping data for table `pelajaran`
--

INSERT INTO `pelajaran` (`id_pelajaran`, `pelajaran`, `Kelas`, `Selesai`, `blok`, `Guru`, `nilai`) VALUES
(1, 'PJOK ', 'SMP XIC ', 'Selesai', 'B1', 'Afdal Idul Fitra ', 30),
(2, 'Pemrograman Berorientasi Objek', 'RPL XIIA ', 'Belum', 'B2', 'Irfan Aprialdi Simamora', 0),
(3, 'Pemrograman Web dan Perangkat Bergerak ', 'RPL XIIB', 'Belum', 'B1', 'MIFTAHUL ', 0),
(4, 'AGAMA ', 'RPL XIIB', 'Belum', 'B2', 'Andre', 0),
(5, 'PPKN ', 'RPL XIIA ', 'Belum', 'B2', 'Lisa', 0),
(6, 'SEJARAH Indonesia', 'RPL XIIA ', 'Belum', 'B2', 'BOy', 0),
(7, 'Bahasa Indonesia', 'RPL XIIB', 'Selesai', 'B1', 'Desi Nataliza BR Simarmata', 80),
(8, 'Bahasa Inggris', 'RPL XIIA ', 'Belum', 'B2', 'Soluna Asri', 0),
(9, 'PRODUK KREATIVE ', 'SMP XIB', 'Belum', 'B1', 'Malas', 0),
(10, 'MATEMATIKA ', 'RPL XIIA ', 'Belum', 'B2', 'Banget', 0),
(11, 'AGAMA ', 'RPL XIIA ', 'Belum', 'B1', 'Boy', 0),
(12, 'PJOK ', 'RPL XIIB', 'Belum', 'B2', 'Afdal Idul Fitra ', 0);

-- --------------------------------------------------------

--
-- Table structure for table `soal`
--

CREATE TABLE `soal` (
  `id_soal` int(11) NOT NULL,
  `pelajaran` varchar(255) DEFAULT NULL,
  `kelas` varchar(255) DEFAULT NULL,
  `blok` varchar(255) DEFAULT NULL,
  `no` int(11) DEFAULT NULL,
  `soal` text DEFAULT NULL,
  `pilihan_A` varchar(255) DEFAULT NULL,
  `pilihan_B` varchar(255) DEFAULT NULL,
  `pilihan_C` varchar(255) DEFAULT NULL,
  `pilihan_D` varchar(255) DEFAULT NULL,
  `pilihan_E` varchar(255) DEFAULT NULL,
  `JWB` varchar(255) DEFAULT NULL,
  `JWBenar` varchar(255) DEFAULT NULL,
  `selesai` enum('Selesai','Belum') DEFAULT NULL
) ENGINE=InnoDB DEFAULT CHARSET=utf8mb4 COLLATE=utf8mb4_general_ci;

--
-- Dumping data for table `soal`
--

INSERT INTO `soal` (`id_soal`, `pelajaran`, `kelas`, `blok`, `no`, `soal`, `pilihan_A`, `pilihan_B`, `pilihan_C`, `pilihan_D`, `pilihan_E`, `JWB`, `JWBenar`, `selesai`) VALUES
(1, 'Bahasa Indonesia', 'RPL XIIB', 'B1', 1, 'Perhatikan data-data berikut!\r\n\r\nNama: Endah Mustaqimah, S.T.Umur: 25 tahun\r\n\r\nPendidikan: S1 Teknik Industri\r\n\r\nAlamat: Jalan Tentara Pelajar, 06 Boyolali\r\n\r\nData di atas merupakan bagian dari surat lamaran pekerjaan, yaitu bagian ...', 'Identitas pelamar', 'Pengalaman', 'Penutup surat', 'Pembuka surat', 'Daftar riwayat hidup', 'a', 'Identitas pelamar', 'Selesai'),
(2, 'Bahasa Indonesia', 'RPL XIIB', 'B1', 2, 's', 'Identitas pelamar', 'Pengalaman', 'Penutup surat', 'Pembuka surat', 'Daftar riwayat hidup', 'a', 'Identitas pelamar', 'Selesai'),
(3, 'Bahasa Indonesia', 'RPL XIIB', 'B1', 3, 'Keren', 'Identitas pelamar', 'Pengalaman', 'Penutup surat', 'Pembuka surat', 'Daftar riwayat hidup', 'a', 'Identitas pelamar', 'Selesai'),
(4, 'Bahasa Indonesia', 'RPL XIIB', 'B1', 4, 'v', 'Identitas pelamar', 'Pengalaman', 'Penutup surat', 'Pembuka surat', 'Daftar riwayat hidup', 'a', 'Identitas pelamar', 'Selesai'),
(5, 'Bahasa Indonesia', 'RPL XIIB', 'B1', 5, 'Perhatikan data-data berikut!\r\n\r\nNama: Endah Mustaqimah, S.T.Umur: 25 tahun\r\n\r\nPendidikan: S1 Teknik Industri\r\n\r\nAlamat: Jalan Tentara Pelajar, 06 Boyolali\r\n\r\nData di atas merupakan bagian dari surat lamaran pekerjaan, yaitu bagian ...', 'Identitas pelamar', 'Pengalaman', 'Penutup surat', 'Pembuka surat', 'Daftar riwayat hidup', 'b', 'Identitas pelamar', 'Selesai'),
(6, 'Bahasa Indonesia', 'RPL XIIB', 'B1', 6, 's', 'Identitas pelamar', 'Pengalaman', 'Penutup surat', 'Pembuka surat', 'Daftar riwayat hidup', 'c', 'Identitas pelamar', 'Selesai'),
(7, 'Bahasa Indonesia', 'RPL XIIB', 'B1', 7, 'ktl', 'Identitas pelamar', 'Pengalaman', 'Penutup surat', 'Pembuka surat', 'Daftar riwayat hidup', 'd', 'Identitas pelamar', 'Selesai'),
(8, 'Bahasa Indonesia', 'RPL XIIB', 'B1', 8, 'Perhatikan data-data berikut!\r\n\r\nNama: Endah Mustaqimah, S.T.Umur: 25 tahun\r\n\r\nPendidikan: S1 Teknik Industri\r\n\r\nAlamat: Jalan Tentara Pelajar, 06 Boyolali\r\n\r\nData di atas merupakan bagian dari surat lamaran pekerjaan, yaitu bagian ...', 'Identitas pelamar', 'Pengalaman', 'Penutup surat', 'Pembuka surat', 'Daftar riwayat hidup', 'd', 'Identitas pelamar', 'Selesai'),
(9, 'Bahasa Indonesia', 'RPL XIIB', 'B1', 9, 'Perhatikan data-data berikut!\r\n\r\nNama: Endah Mustaqimah, S.T.Umur: 25 tahun\r\n\r\nPendidikan: S1 Teknik Industri\r\n\r\nAlamat: Jalan Tentara Pelajar, 06 Boyolali\r\n\r\nData di atas merupakan bagian dari surat lamaran pekerjaan, yaitu bagian ...', 'Identitas pelamar', 'Pengalaman', 'Penutup surat', 'Pembuka surat', 'Daftar riwayat hidup', 'a', 'Identitas pelamar', 'Selesai'),
(10, 'Bahasa Indonesia', 'RPL XIIB', 'B1', 10, 'Perhatikan data-data berikut!\r\n\r\nNama: Endah Mustaqimah, S.T.Umur: 25 tahun\r\n\r\nPendidikan: S1 Teknik Industri\r\n\r\nAlamat: Jalan Tentara Pelajar, 06 Boyolali\r\n\r\nData di atas merupakan bagian dari surat lamaran pekerjaan, yaitu bagian ...', 'Identitas pelamar', 'Pengalaman', 'Penutup surat', 'Pembuka surat', 'Daftar riwayat hidup', 'a', 'Identitas pelamar', 'Selesai'),
(11, 'Bahasa Indonesia', 'RPL XIIB', 'B1', 11, 'Perhatikan data-data berikut!\r\n\r\nNama: Endah Mustaqimah, S.T.Umur: 25 tahun\r\n\r\nPendidikan: S1 Teknik Industri\r\n\r\nAlamat: Jalan Tentara Pelajar, 06 Boyolali\r\n\r\nData di atas merupakan bagian dari surat lamaran pekerjaan, yaitu bagian ...', 'Identitas pelamar', 'Pengalaman', 'Penutup surat', 'Pembuka surat', 'Daftar riwayat hidup', 'a', 'Identitas pelamar', 'Selesai'),
(12, 'Bahasa Indonesia', 'RPL XIIB', 'B1', 12, 'Perhatikan data-data berikut!\r\n\r\nNama: Endah Mustaqimah, S.T.Umur: 25 tahun\r\n\r\nPendidikan: S1 Teknik Industri\r\n\r\nAlamat: Jalan Tentara Pelajar, 06 Boyolali\r\n\r\nData di atas merupakan bagian dari surat lamaran pekerjaan, yaitu bagian ...', 'Identitas pelamar', 'Pengalaman', 'Penutup surat', 'Pembuka surat', 'Daftar riwayat hidup', 'a', 'Identitas pelamar', 'Selesai'),
(13, 'Bahasa Indonesia', 'RPL XIIB', 'B1', 13, 'Perhatikan data-data berikut!\r\n\r\nNama: Endah Mustaqimah, S.T.Umur: 25 tahun\r\n\r\nPendidikan: S1 Teknik Industri\r\n\r\nAlamat: Jalan Tentara Pelajar, 06 Boyolali\r\n\r\nData di atas merupakan bagian dari surat lamaran pekerjaan, yaitu bagian ...', 'Identitas pelamar', 'Pengalaman', 'Penutup surat', 'Pembuka surat', 'Daftar riwayat hidup', 'a', 'Identitas pelamar', 'Selesai'),
(14, 'Bahasa Indonesia', 'RPL XIIB', 'B1', 14, 'Perhatikan data-data berikut!\r\n\r\nNama: Endah Mustaqimah, S.T.Umur: 25 tahun\r\n\r\nPendidikan: S1 Teknik Industri\r\n\r\nAlamat: Jalan Tentara Pelajar, 06 Boyolali\r\n\r\nData di atas merupakan bagian dari surat lamaran pekerjaan, yaitu bagian ...', 'Identitas pelamar', 'Pengalaman', 'Penutup surat', 'Pembuka surat', 'Daftar riwayat hidup', 'a', 'Identitas pelamar', 'Selesai'),
(15, 'Bahasa Indonesia', 'RPL XIIB', 'B1', 15, 'Perhatikan data-data berikut!\r\n\r\nNama: Endah Mustaqimah, S.T.Umur: 25 tahun\r\n\r\nPendidikan: S1 Teknik Industri\r\n\r\nAlamat: Jalan Tentara Pelajar, 06 Boyolali\r\n\r\nData di atas merupakan bagian dari surat lamaran pekerjaan, yaitu bagian ...', 'Identitas pelamar', 'Pengalaman', 'Penutup surat', 'Pembuka surat', 'Daftar riwayat hidup', 'a', 'Identitas pelamar', 'Selesai'),
(16, 'Bahasa Indonesia', 'RPL XIIB', 'B1', 16, 'Perhatikan data-data berikut!\r\n\r\nNama: Endah Mustaqimah, S.T.Umur: 25 tahun\r\n\r\nPendidikan: S1 Teknik Industri\r\n\r\nAlamat: Jalan Tentara Pelajar, 06 Boyolali\r\n\r\nData di atas merupakan bagian dari surat lamaran pekerjaan, yaitu bagian ...', 'Identitas pelamar', 'Pengalaman', 'Penutup surat', 'Pembuka surat', 'Daftar riwayat hidup', 'a', 'Identitas pelamar', 'Selesai'),
(17, 'Bahasa Indonesia', 'RPL XIIB', 'B1', 17, 'Perhatikan data-data berikut!\r\n\r\nNama: Endah Mustaqimah, S.T.Umur: 25 tahun\r\n\r\nPendidikan: S1 Teknik Industri\r\n\r\nAlamat: Jalan Tentara Pelajar, 06 Boyolali\r\n\r\nData di atas merupakan bagian dari surat lamaran pekerjaan, yaitu bagian ...', 'Identitas pelamar', 'Pengalaman', 'Penutup surat', 'Pembuka surat', 'Daftar riwayat hidup', 'a', 'Identitas pelamar', 'Selesai'),
(18, 'Bahasa Indonesia', 'RPL XIIB', 'B1', 18, 'Perhatikan data-data berikut!\r\n\r\nNama: Endah Mustaqimah, S.T.Umur: 25 tahun\r\n\r\nPendidikan: S1 Teknik Industri\r\n\r\nAlamat: Jalan Tentara Pelajar, 06 Boyolali\r\n\r\nData di atas merupakan bagian dari surat lamaran pekerjaan, yaitu bagian ...', 'Identitas pelamar', 'Pengalaman', 'Penutup surat', 'Pembuka surat', 'Daftar riwayat hidup', 'a', 'Identitas pelamar', 'Selesai'),
(19, 'Bahasa Indonesia', 'RPL XIIB', 'B1', 19, 'Perhatikan data-data berikut!\r\n\r\nNama: Endah Mustaqimah, S.T.Umur: 25 tahun\r\n\r\nPendidikan: S1 Teknik Industri\r\n\r\nAlamat: Jalan Tentara Pelajar, 06 Boyolali\r\n\r\nData di atas merupakan bagian dari surat lamaran pekerjaan, yaitu bagian ...', 'Identitas pelamar', 'Pengalaman', 'Penutup surat', 'Pembuka surat', 'Daftar riwayat hidup', 'a', 'Identitas pelamar', 'Selesai'),
(20, 'Bahasa Indonesia', 'RPL XIIB', 'B1', 20, 'Perhatikan data-data berikut!\r\n\r\nNama: Endah Mustaqimah, S.T.Umur: 25 tahun\r\n\r\nPendidikan: S1 Teknik Industri\r\n\r\nAlamat: Jalan Tentara Pelajar, 06 Boyolali\r\n\r\nData di atas merupakan bagian dari surat lamaran pekerjaan, yaitu bagian ...', 'Identitas pelamar', 'Pengalaman', 'Penutup surat', 'Pembuka surat', 'Daftar riwayat hidup', 'a', 'Identitas pelamar', 'Selesai'),
(21, 'PJOK ', 'SMP XIC ', 'B1', 1, 'Perhatikan data-data berikut!', 'Pengalaman', 'Penutup surat', 'Pembuka surat', 'Daftar riwayat hidup', 'a', 'a', 'Pengalaman', 'Selesai'),
(22, 'PJOK ', 'SMP XIC ', 'B1', 2, 'Identitas pelamar', 'Pengalaman', 'Penutup surat', 'Pembuka surat', 'Daftar riwayat hidup', 'a', 'c', 'Pengalaman', 'Selesai'),
(23, 'PJOK ', 'SMP XIC ', 'B1', 3, 'Identitas pelamar', 'Pengalaman', 'Penutup surat', 'Pembuka surat', 'Daftar riwayat hidup', 'a', 'b', 'Pengalaman', 'Selesai'),
(24, 'PJOK ', 'SMP XIC ', 'B1', 4, 'Identitas pelamar', 'Pengalaman', 'Penutup surat', 'Pembuka surat', 'Daftar riwayat hidup', 'a', 'a', 'Pengalaman', 'Selesai'),
(25, 'PJOK ', 'SMP XIC ', 'B1', 5, 'Identitas pelamar', 'Pengalaman', 'Penutup surat', 'Pembuka surat', 'Daftar riwayat hidup', 'a', 'e', 'Pengalaman', 'Selesai'),
(26, 'PJOK ', 'SMP XIC ', 'B1', 6, 'Identitas pelamar', 'Pengalaman', 'Penutup surat', 'Pembuka surat', 'Daftar riwayat hidup', 'a', 'c', 'Pengalaman', 'Selesai'),
(27, 'PJOK ', 'SMP XIC ', 'B1', 7, 'Identitas pelamar', 'Pengalaman', 'Penutup surat', 'Pembuka surat', 'Daftar riwayat hidup', 'a', 'b', 'Pengalaman', 'Selesai'),
(28, 'PJOK ', 'SMP XIC ', 'B1', 8, 'Identitas pelamar', 'Pengalaman', 'Penutup surat', 'Pembuka surat', 'Daftar riwayat hidup', 'a', 'd', 'Pengalaman', 'Selesai'),
(29, 'PJOK ', 'SMP XIC ', 'B1', 9, 'Identitas pelamar', 'Pengalaman', 'Penutup surat', 'Pembuka surat', 'Daftar riwayat hidup', 'a', 'a', 'Pengalaman', 'Selesai'),
(30, 'PJOK ', 'SMP XIC ', 'B1', 10, 'Identitas pelamar', 'Pengalaman', 'Penutup surat', 'Pembuka surat', 'Daftar riwayat hidup', 'a', 'b', 'Pengalaman', 'Selesai'),
(31, 'PJOK ', 'SMP XIC ', 'B1', 11, 'Identitas pelamar', 'Pengalaman', 'Penutup surat', 'Pembuka surat', 'Daftar riwayat hidup', 'a', 'b', 'Pengalaman', 'Selesai'),
(32, 'PJOK ', 'SMP XIC ', 'B1', 12, 'Identitas pelamar', 'Pengalaman', 'Penutup surat', 'Pembuka surat', 'Daftar riwayat hidup', 'a', 'e', 'Pengalaman', 'Selesai'),
(33, 'PJOK ', 'SMP XIC ', 'B1', 13, 'Identitas pelamar', 'Pengalaman', 'Penutup surat', 'Pembuka surat', 'Daftar riwayat hidup', 'a', 'd', 'Pengalaman', 'Selesai'),
(34, 'PJOK ', 'SMP XIC ', 'B1', 14, 'Identitas pelamar', 'Pengalaman', 'Penutup surat', 'Pembuka surat', 'Daftar riwayat hidup', 'a', 'c', 'Pengalaman', 'Selesai'),
(35, 'PJOK ', 'SMP XIC ', 'B1', 15, 'Identitas pelamar', 'Pengalaman', 'Penutup surat', 'Pembuka surat', 'Daftar riwayat hidup', 'a', 'a', 'Pengalaman', 'Selesai'),
(36, 'PJOK ', 'SMP XIC ', 'B1', 16, 'Identitas pelamar', 'Pengalaman', 'Penutup surat', 'Pembuka surat', 'Daftar riwayat hidup', 'a', 'c', 'Pengalaman', 'Selesai'),
(37, 'PJOK ', 'SMP XIC ', 'B1', 17, 'Identitas pelamar', 'Pengalaman', 'Penutup surat', 'Pembuka surat', 'Daftar riwayat hidup', 'a', 'a', 'Pengalaman', 'Selesai'),
(38, 'PJOK ', 'SMP XIC ', 'B1', 18, 'Identitas pelamar', 'Pengalaman', 'Penutup surat', 'Pembuka surat', 'Daftar riwayat hidup', 'a', 'c', 'Pengalaman', 'Selesai'),
(39, 'PJOK ', 'SMP XIC ', 'B1', 19, 'Identitas pelamar', 'Pengalaman', 'Penutup surat', 'Pembuka surat', 'Daftar riwayat hidup', 'a', 'd', 'Pengalaman', 'Selesai'),
(40, 'PJOK ', 'SMP XIC ', 'B1', 20, 'Identitas pelamar', 'Pengalaman', 'Penutup surat', 'Pembuka surat', 'Daftar riwayat hidup', 'a', 'd', 'Pengalaman', 'Selesai'),
(41, 'PJOK ', 'SMP XIC ', 'B1', 21, 'ada', 'Pengalaman', 'Penutup surat', 'Pembuka surat', 'Identitas pelamar', 'a', 'a', 'Pengalaman', 'Selesai'),
(42, 'Pemrograman Berorientasi Objek', 'RPL XIIA ', 'B2', 1, 'apa', 'ya', 'apa', 'de', 'aku', 'baik', 'a', 'baik', 'Belum'),
(43, 'Pemrograman Berorientasi Objek', 'RPL XIIA ', 'B2', 2, 'a', 'a', 'a', 'a', 'a', 'a', 'a', 'a', 'Belum'),
(44, 'Pemrograman Berorientasi Objek', 'RPL XIIA ', 'B2', 3, 's', 'a', 'a', 'a', 'a', 'a', 'a', 'a', 'Belum'),
(45, 'Pemrograman Berorientasi Objek', 'RPL XIIA ', 'B2', 4, 'v', 'a', 'a', 'a', 'a', 'a', 'a', 'a', 'Belum'),
(46, 'Pemrograman Berorientasi Objek', 'RPL XIIA ', 'B2', 5, 'v', 'a', 'a', 'a', 'a', 'a', 'a', 'a', 'Belum'),
(47, 'Pemrograman Berorientasi Objek', 'RPL XIIA ', 'B2', 6, 'v', 'a', 'a', 'a', 'a', 'a', 'a', 'a', 'Belum'),
(48, 'Pemrograman Berorientasi Objek', 'RPL XIIA ', 'B2', 7, 'vv', 'a', 'a', 'a', 'a', 'a', 'a', 'a', 'Belum'),
(49, 'Pemrograman Berorientasi Objek', 'RPL XIIA ', 'B2', 8, 'a', 'a', 'a', 'a', 'a', 'a', 'a', 'a', 'Belum'),
(50, 'Pemrograman Berorientasi Objek', 'RPL XIIA ', 'B2', 9, 'a', 'a', 'a', 'a', 'a', 'a', 'a', 'a', 'Belum'),
(51, 'Pemrograman Berorientasi Objek', 'RPL XIIA ', 'B2', 10, ' b', 'b', 'b', 'b', 'b', 'b', 'a', 'b', 'Belum'),
(52, 'Pemrograman Berorientasi Objek', 'RPL XIIA ', 'B2', 11, ' b', 'b', 'b', 'b', 'b', 'b', 'a', 'b', 'Belum'),
(53, 'Pemrograman Berorientasi Objek', 'RPL XIIA ', 'B2', 12, 'b', 'a', 'a', 'a', 'a', 'a', 'a', 'a', 'Belum'),
(54, 'Pemrograman Berorientasi Objek', 'RPL XIIA ', 'B2', 13, 'b', 'a', 'a', 'a', 'a', 'a', 'a', 'a', 'Belum'),
(55, 'Pemrograman Berorientasi Objek', 'RPL XIIA ', 'B2', 14, 'b', 'a', 'a', 'a', 'a', 'a', 'a', 'a', 'Belum');

-- --------------------------------------------------------

--
-- Table structure for table `user`
--

CREATE TABLE `user` (
  `id_user` int(11) NOT NULL,
  `NIS` varchar(255) DEFAULT NULL,
  `real` varchar(255) DEFAULT NULL,
  `pelajaran` enum('PJOK','MTK','PBO','BINGRIS','BINDO','PPKN','SEJARA','AGAMA','PRODUKKREATIVE','siswa','admin') DEFAULT NULL,
  `user` varchar(255) DEFAULT NULL,
  `password` varchar(11) DEFAULT NULL,
  `Level` enum('siswa','admin','guru') DEFAULT NULL
) ENGINE=InnoDB DEFAULT CHARSET=utf8mb4 COLLATE=utf8mb4_general_ci;

--
-- Dumping data for table `user`
--

INSERT INTO `user` (`id_user`, `NIS`, `real`, `pelajaran`, `user`, `password`, `Level`) VALUES
(1, '20020', 'admin', 'admin', 'admin', 'admin', 'admin'),
(2, '20023', 'guru', 'BINGRIS', 'guru', 'guru', 'guru'),
(3, '20021', 'siswa', 'siswa', 'siswa', 'siswa', 'siswa'),
(8, 'ya', 'sudah', 'AGAMA', 'sudah', '77e69c13781', 'guru'),
(9, 'Budhi Jayanto', 'Pembimbing1', 'BINGRIS', 'Pembimbing1', '9571fd1b12c', 'siswa'),
(10, 'Budhi Jayanto', 'admin', 'MTK', 'admin', '21232f297a5', 'admin');

--
-- Indexes for dumped tables
--

--
-- Indexes for table `activity_log`
--
ALTER TABLE `activity_log`
  ADD PRIMARY KEY (`id`);

--
-- Indexes for table `logo`
--
ALTER TABLE `logo`
  ADD PRIMARY KEY (`id_logo`);

--
-- Indexes for table `pelajaran`
--
ALTER TABLE `pelajaran`
  ADD PRIMARY KEY (`id_pelajaran`);

--
-- Indexes for table `soal`
--
ALTER TABLE `soal`
  ADD PRIMARY KEY (`id_soal`) USING BTREE;

--
-- Indexes for table `user`
--
ALTER TABLE `user`
  ADD PRIMARY KEY (`id_user`);

--
-- AUTO_INCREMENT for dumped tables
--

--
-- AUTO_INCREMENT for table `activity_log`
--
ALTER TABLE `activity_log`
  MODIFY `id` int(11) NOT NULL AUTO_INCREMENT, AUTO_INCREMENT=715;

--
-- AUTO_INCREMENT for table `logo`
--
ALTER TABLE `logo`
  MODIFY `id_logo` int(11) NOT NULL AUTO_INCREMENT, AUTO_INCREMENT=2;

--
-- AUTO_INCREMENT for table `pelajaran`
--
ALTER TABLE `pelajaran`
  MODIFY `id_pelajaran` int(11) NOT NULL AUTO_INCREMENT, AUTO_INCREMENT=13;

--
-- AUTO_INCREMENT for table `soal`
--
ALTER TABLE `soal`
  MODIFY `id_soal` int(11) NOT NULL AUTO_INCREMENT, AUTO_INCREMENT=56;

--
-- AUTO_INCREMENT for table `user`
--
ALTER TABLE `user`
  MODIFY `id_user` int(11) NOT NULL AUTO_INCREMENT, AUTO_INCREMENT=11;
COMMIT;

/*!40101 SET CHARACTER_SET_CLIENT=@OLD_CHARACTER_SET_CLIENT */;
/*!40101 SET CHARACTER_SET_RESULTS=@OLD_CHARACTER_SET_RESULTS */;
/*!40101 SET COLLATION_CONNECTION=@OLD_COLLATION_CONNECTION */;
